Round,Match,Home Team,Away Team,Home Goals,Away Goals,Home Elo Before,Away Elo Before,Home Elo After,Away Elo After
1,Galatasaray vs Hatayspor,Galatasaray,Hatayspor,2.0,1.0,1500.0,1500.0,1521.5961000118268,1478.4038999881732
1,Kasimpasa vs Konyaspor,Kasimpasa,Konyaspor,2.0,3.0,1500.0,1500.0,1461.5961000118268,1538.4038999881732
1,Fenerbahçe vs Adana Demirspor,Fenerbahçe,Adana Demirspor,1.0,0.0,1500.0,1500.0,1521.5961000118268,1478.4038999881732
1,Antalyaspor vs Göztepe,Antalyaspor,Göztepe,0.0,0.0,1500.0,1500.0,1488.444637516262,1511.555362483738
1,Sivasspor vs Trabzonspor,Sivasspor,Trabzonspor,0.0,0.0,1500.0,1500.0,1488.444637516262,1511.555362483738
1,Alanyaspor vs Eyüpspor,Alanyaspor,Eyüpspor,1.0,1.0,1500.0,1500.0,1488.444637516262,1511.555362483738
1,Samsunspor vs Besiktas,Samsunspor,Besiktas,0.0,2.0,1500.0,1500.0,1442.3941500177402,1557.6058499822598
1,Çaykur Rizespor vs Istanbul Basaksehir,Çaykur Rizespor,Istanbul Basaksehir,1.0,1.0,1500.0,1500.0,1488.444637516262,1511.555362483738
1,Bodrum vs Gaziantep,Bodrum,Gaziantep,0.0,1.0,1500.0,1500.0,1461.5961000118268,1538.4038999881732
2,Konyaspor vs Galatasaray,Konyaspor,Galatasaray,1.0,2.0,1538.4038999881732,1521.5961000118268,1498.6814823262632,1561.3185176737368
2,Kayserispor vs Sivasspor,Kayserispor,Sivasspor,1.0,2.0,1500.0,1488.444637516262,1460.6854478048901,1527.7591897113718
2,Adana Demirspor vs Çaykur Rizespor,Adana Demirspor,Çaykur Rizespor,1.0,2.0,1478.4038999881732,1488.444637516262,1440.8052468820913,1526.0432906223439
2,Göztepe vs Fenerbahçe,Göztepe,Fenerbahçe,2.0,2.0,1511.555362483738,1521.5961000118268,1501.1072144628754,1532.0442480326894
2,Istanbul Basaksehir vs Alanyaspor,Istanbul Basaksehir,Alanyaspor,4.0,2.0,1511.555362483738,1488.444637516262,1541.2454686953497,1458.7545313046503
2,Besiktas vs Antalyaspor,Besiktas,Antalyaspor,4.0,2.0,1557.6058499822598,1488.444637516262,1582.277519066237,1463.7729684322849
2,Gaziantep vs Samsunspor,Gaziantep,Samsunspor,0.0,1.0,1538.4038999881732,1442.3941500177402,1493.072145057773,1487.7259049481404
2,Hatayspor vs Kasimpasa,Hatayspor,Kasimpasa,1.0,1.0,1478.4038999881732,1461.5961000118268,1465.035575703047,1474.964424296953
2,Eyüpspor vs Bodrum,Eyüpspor,Bodrum,4.0,1.0,1511.555362483738,1461.5961000118268,1542.705074557161,1430.4463879384039
3,Alanyaspor vs Göztepe,Alanyaspor,Göztepe,1.0,1.0,1458.7545313046503,1501.1072144628754,1451.9723600699012,1507.8893856976242
3,Sivasspor vs Eyüpspor,Sivasspor,Eyüpspor,0.0,1.0,1527.7591897113718,1542.705074557161,1490.5583045385113,1579.9059597300216
3,Bodrum vs Konyaspor,Bodrum,Konyaspor,3.0,1.0,1430.4463879384039,1498.6814823262632,1471.3436094312883,1457.7842608333788
3,Kasimpasa vs Adana Demirspor,Kasimpasa,Adana Demirspor,2.0,2.0,1474.964424296953,1440.8052468820913,1459.783236690933,1455.9864344881112
3,Çaykur Rizespor vs Fenerbahçe,Çaykur Rizespor,Fenerbahçe,0.0,5.0,1526.0432906223439,1532.0442480326894,1450.1950429736685,1607.8924956813648
3,Antalyaspor vs Hatayspor,Antalyaspor,Hatayspor,3.0,2.0,1463.7729684322849,1465.035575703047,1485.4696373723937,1443.3389067629382
3,Galatasaray vs Gaziantep,Galatasaray,Gaziantep,3.0,1.0,1561.3185176737368,1493.072145057773,1586.0846089862391,1468.3060537452707
3,Samsunspor vs Istanbul Basaksehir,Samsunspor,Istanbul Basaksehir,2.0,0.0,1487.7259049481404,1541.2454686953497,1526.741399705818,1502.2299739376722
3,Trabzonspor vs Kayserispor,Trabzonspor,Kayserispor,2.0,2.0,1511.555362483738,1460.6854478048901,1494.6899944707231,1477.550815817905
4,Fenerbahçe vs Alanyaspor,Fenerbahçe,Alanyaspor,3.0,0.0,1607.8924956813648,1451.9723600699012,1627.4705350045933,1432.3943207466727
4,Çaykur Rizespor vs Kasimpasa,Çaykur Rizespor,Kasimpasa,0.0,1.0,1450.1950429736685,1459.783236690933,1412.559833082678,1497.4184465819235
4,Konyaspor vs Kayserispor,Konyaspor,Kayserispor,0.0,0.0,1457.7842608333788,1477.550815817905,1448.4241800002692,1486.9108966510146
4,Adana Demirspor vs Galatasaray,Adana Demirspor,Galatasaray,1.0,5.0,1455.9864344881112,1586.0846089862391,1404.5971910383892,1637.4738524359611
4,Göztepe vs Bodrum,Göztepe,Bodrum,2.0,0.0,1507.8893856976242,1471.3436094312883,1536.061522857326,1443.1714722715865
4,Eyüpspor vs Trabzonspor,Eyüpspor,Trabzonspor,0.0,0.0,1579.9059597300216,1494.6899944707231,1559.7865646222656,1514.809389578479
4,Istanbul Basaksehir vs Antalyaspor,Istanbul Basaksehir,Antalyaspor,5.0,2.0,1502.2299739376722,1485.4696373723937,1537.7221621052831,1449.9774492047827
4,Besiktas vs Sivasspor,Besiktas,Sivasspor,2.0,0.0,1582.277519066237,1490.5583045385113,1604.6930438007978,1468.1427798039504
4,Hatayspor vs Samsunspor,Hatayspor,Samsunspor,0.0,3.0,1443.3389067629382,1526.741399705818,1388.332810936643,1581.7474955321131
5,Sivasspor vs Gaziantep,Sivasspor,Gaziantep,3.0,2.0,1468.1427798039504,1468.3060537452707,1489.751873404843,1446.6969601443777
5,Samsunspor vs Konyaspor,Samsunspor,Konyaspor,0.0,1.0,1581.7474955321131,1448.4241800002692,1534.1673720045787,1496.0043035278038
5,Galatasaray vs Çaykur Rizespor,Galatasaray,Çaykur Rizespor,5.0,0.0,1637.4738524359611,1412.559833082678,1653.4939244475274,1396.5397610711118
5,Bodrum vs Istanbul Basaksehir,Bodrum,Istanbul Basaksehir,0.0,1.0,1443.1714722715865,1537.7221621052831,1412.700979587945,1568.1926547889245
5,Kayserispor vs Eyüpspor,Kayserispor,Eyüpspor,2.0,2.0,1486.9108966510146,1559.7865646222656,1483.6970316802144,1563.0004295930657
5,Kasimpasa vs Fenerbahçe,Kasimpasa,Fenerbahçe,0.0,2.0,1497.4184465819235,1627.4705350045933,1456.3011272396866,1668.5878543468302
5,Trabzonspor vs Besiktas,Trabzonspor,Besiktas,1.0,1.0,1514.809389578479,1604.6930438007978,1513.6086450650341,1605.8937883142428
5,Alanyaspor vs Hatayspor,Alanyaspor,Hatayspor,0.0,0.0,1432.3943207466727,1388.332810936643,1416.2075184019232,1404.5196132813924
5,Antalyaspor vs Adana Demirspor,Antalyaspor,Adana Demirspor,2.0,1.0,1449.9774492047827,1404.5971910383892,1468.1090372510878,1386.465602992084
6,Hatayspor vs Bodrum,Hatayspor,Bodrum,0.0,1.0,1404.5196132813924,1412.700979587945,1366.7709141373118,1450.4496787320256
6,Konyaspor vs Sivasspor,Konyaspor,Sivasspor,0.0,0.0,1496.0043035278038,1489.751873404843,1483.7683658095627,1501.9878111230842
6,Fenerbahçe vs Galatasaray,Fenerbahçe,Galatasaray,1.0,3.0,1668.5878543468302,1653.4939244475274,1609.2032112170596,1712.878567577298
6,Çaykur Rizespor vs Samsunspor,Çaykur Rizespor,Samsunspor,0.0,1.0,1396.5397610711118,1534.1673720045787,1369.7761467577202,1560.9309863179703
6,Kasimpasa vs Antalyaspor,Kasimpasa,Antalyaspor,0.0,0.0,1456.3011272396866,1468.1090372510878,1446.0495815307943,1478.36058295998
6,Adana Demirspor vs Alanyaspor,Adana Demirspor,Alanyaspor,0.0,2.0,1386.465602992084,1416.2075184019232,1332.4877898190564,1470.1853315749509
6,Besiktas vs Eyüpspor,Besiktas,Eyüpspor,2.0,1.0,1605.8937883142428,1563.0004295930657,1624.2070153701932,1544.6872025371154
6,Gaziantep vs Trabzonspor,Gaziantep,Trabzonspor,0.0,0.0,1446.6969601443777,1513.6086450650341,1442.7803162956652,1517.5252889137466
6,Göztepe vs Kayserispor,Göztepe,Kayserispor,3.0,0.0,1536.061522857326,1483.6970316802144,1566.9087518195718,1452.8498027179687
7,Sivasspor vs Istanbul Basaksehir,Sivasspor,Istanbul Basaksehir,1.0,2.0,1501.9878111230842,1568.1926547889245,1469.0788712901601,1601.1015946218486
7,Samsunspor vs Göztepe,Samsunspor,Göztepe,4.0,3.0,1560.9309863179703,1566.9087518195718,1583.0049996912364,1544.8347384463057
7,Galatasaray vs Kasimpasa,Galatasaray,Kasimpasa,3.0,3.0,1712.878567577298,1446.0495815307943,1680.5361638207617,1478.3919852873307
7,Alanyaspor vs Çaykur Rizespor,Alanyaspor,Çaykur Rizespor,1.0,0.0,1470.1853315749509,1369.7761467577202,1484.5747350489137,1355.3867432837571
7,Trabzonspor vs Konyaspor,Trabzonspor,Konyaspor,3.0,2.0,1517.5252889137466,1483.7683658095627,1536.5144669408262,1464.7791877824832
7,Eyüpspor vs Gaziantep,Eyüpspor,Gaziantep,3.0,2.0,1544.6872025371154,1442.7803162956652,1558.9825118938877,1428.4850069388929
7,Antalyaspor vs Fenerbahçe,Antalyaspor,Fenerbahçe,0.0,2.0,1478.36058295998,1609.2032112170596,1437.3448722840208,1650.218921893019
7,Bodrum vs Adana Demirspor,Bodrum,Adana Demirspor,3.0,1.0,1450.4496787320256,1332.4877898190564,1470.4197266479111,1312.5177419031709
7,Kayserispor vs Besiktas,Kayserispor,Besiktas,0.0,3.0,1452.8498027179687,1624.2070153701932,1410.983292341528,1666.0735257466338
8,Çaykur Rizespor vs Antalyaspor,Çaykur Rizespor,Antalyaspor,2.0,1.0,1355.3867432837571,1437.3448722840208,1383.830281706848,1408.90133386093
8,Kasimpasa vs Bodrum,Kasimpasa,Bodrum,0.0,0.0,1478.3919852873307,1470.4197266479111,1465.970098381531,1482.8416135537109
8,Göztepe vs Sivasspor,Göztepe,Sivasspor,3.0,2.0,1544.8347384463057,1469.0788712901601,1560.833199225332,1453.0804105111338
8,Hatayspor vs Trabzonspor,Hatayspor,Trabzonspor,1.0,1.0,1366.7709141373118,1536.5144669408262,1374.9419016022505,1528.3434794758875
8,Istanbul Basaksehir vs Kayserispor,Istanbul Basaksehir,Kayserispor,1.0,1.0,1601.1015946218486,1410.983292341528,1572.9209822756122,1439.1639046877644
8,Konyaspor vs Eyüpspor,Konyaspor,Eyüpspor,2.0,1.0,1464.7791877824832,1558.9825118938877,1494.2787089887847,1529.4829906875862
8,Adana Demirspor vs Samsunspor,Adana Demirspor,Samsunspor,1.0,3.0,1312.5177419031709,1583.0049996912364,1287.9825378580995,1607.5402037363078
8,Galatasaray vs Alanyaspor,Galatasaray,Alanyaspor,1.0,0.0,1680.5361638207617,1484.5747350489137,1689.7751931597506,1475.3357057099247
8,Gaziantep vs Besiktas,Gaziantep,Besiktas,1.0,1.0,1428.4850069388929,1666.0735257466338,1444.0169174201271,1650.5416152653995
9,Kayserispor vs Gaziantep,Kayserispor,Gaziantep,2.0,2.0,1439.1639046877644,1444.0169174201271,1428.1415622691256,1455.039259838766
9,Trabzonspor vs Istanbul Basaksehir,Trabzonspor,Istanbul Basaksehir,1.0,0.0,1528.3434794758875,1572.9209822756122,1553.598098957821,1547.6663627936787
9,Eyüpspor vs Göztepe,Eyüpspor,Göztepe,1.0,0.0,1529.4829906875862,1560.833199225332,1553.631247909572,1536.6849420033461
9,Antalyaspor vs Galatasaray,Antalyaspor,Galatasaray,0.0,3.0,1408.90133386093,1689.7751931597506,1381.5047603411222,1717.1717666795585
9,Sivasspor vs Hatayspor,Sivasspor,Hatayspor,3.0,2.0,1453.0804105111338,1374.9419016022505,1468.9184674833853,1359.103844629999
9,Besiktas vs Konyaspor,Besiktas,Konyaspor,2.0,0.0,1650.5416152653995,1494.2787089887847,1667.2958707005214,1477.5244535536629
9,Alanyaspor vs Kasimpasa,Alanyaspor,Kasimpasa,1.0,2.0,1475.3357057099247,1465.970098381531,1436.192337524039,1505.1134665674167
9,Samsunspor vs Fenerbahçe,Samsunspor,Fenerbahçe,2.0,2.0,1607.5402037363078,1650.218921893019,1600.7957010600742,1656.9634245692525
9,Bodrum vs Çaykur Rizespor,Bodrum,Çaykur Rizespor,0.0,1.0,1482.8416135537109,1383.830281706848,1437.3192198149877,1429.352675445571
10,Adana Demirspor vs Sivasspor,Adana Demirspor,Sivasspor,2.0,4.0,1287.9825378580995,1468.9184674833853,1253.2797967834385,1503.6212085580462
10,Hatayspor vs Kayserispor,Hatayspor,Kayserispor,0.0,1.0,1359.103844629999,1428.1415622691256,1326.4374012881367,1460.808005610988
10,Kasimpasa vs Samsunspor,Kasimpasa,Samsunspor,1.0,4.0,1505.1134665674167,1600.7957010600742,1451.9610549279196,1653.9481126995713
10,Göztepe vs Trabzonspor,Göztepe,Trabzonspor,2.0,1.0,1536.6849420033461,1553.598098957821,1559.6443541091292,1530.638686852038
10,Gaziantep vs Konyaspor,Gaziantep,Konyaspor,3.0,1.0,1455.039259838766,1477.5244535536629,1490.1628388679114,1442.4008745245173
10,Alanyaspor vs Antalyaspor,Alanyaspor,Antalyaspor,1.0,2.0,1436.192337524039,1381.5047603411222,1393.653315320526,1424.0437825446352
10,Fenerbahçe vs Bodrum,Fenerbahçe,Bodrum,2.0,0.0,1656.9634245692525,1437.3192198149877,1669.2978285272407,1424.9848158569996
10,Istanbul Basaksehir vs Eyüpspor,Istanbul Basaksehir,Eyüpspor,1.0,1.0,1547.6663627936787,1553.631247909572,1536.76670868954,1564.5309020137106
10,Galatasaray vs Besiktas,Galatasaray,Besiktas,2.0,1.0,1717.1717666795585,1667.2958707005214,1734.9776106835336,1649.4900266965462
11,Gaziantep vs Göztepe,Gaziantep,Göztepe,2.0,1.0,1490.1628388679114,1559.6443541091292,1517.534417658427,1532.2727753186136
11,Sivasspor vs Çaykur Rizespor,Sivasspor,Çaykur Rizespor,2.0,1.0,1503.6212085580462,1429.352675445571,1519.7203219264659,1413.2535620771514
11,Kayserispor vs Adana Demirspor,Kayserispor,Adana Demirspor,0.0,0.0,1460.808005610988,1253.2797967834385,1431.5624299624028,1282.5253724320237
11,Besiktas vs Kasimpasa,Besiktas,Kasimpasa,1.0,3.0,1649.4900266965462,1451.9610549279196,1573.2431041842622,1528.2079774402036
11,Konyaspor vs Istanbul Basaksehir,Konyaspor,Istanbul Basaksehir,3.0,2.0,1442.4008745245173,1536.76670868954,1471.914424179957,1507.2531590341005
11,Eyüpspor vs Hatayspor,Eyüpspor,Hatayspor,2.0,0.0,1564.5309020137106,1326.4374012881367,1575.7778263207306,1315.1904769811167
11,Bodrum vs Alanyaspor,Bodrum,Alanyaspor,0.0,0.0,1424.9848158569996,1393.653315320526,1410.0947436199015,1408.543387557624
11,Trabzonspor vs Fenerbahçe,Trabzonspor,Fenerbahçe,2.0,3.0,1530.638686852038,1669.2978285272407,1503.963077026601,1695.9734383526777
11,Samsunspor vs Antalyaspor,Samsunspor,Antalyaspor,2.0,0.0,1653.9481126995713,1424.0437825446352,1665.6672297061837,1412.3246655380228
12,Kasimpasa vs Kayserispor,Kasimpasa,Kayserispor,1.0,2.0,1528.2079774402036,1431.5624299624028,1482.8356998913143,1476.9347075112921
12,Antalyaspor vs Bodrum,Antalyaspor,Bodrum,3.0,2.0,1412.3246655380228,1410.0947436199015,1433.7436491904593,1388.675759967465
12,Hatayspor vs Gaziantep,Hatayspor,Gaziantep,3.0,1.0,1315.1904769811167,1517.534417658427,1373.0755597562788,1459.6493348832648
12,Adana Demirspor vs Eyüpspor,Adana Demirspor,Eyüpspor,0.0,1.0,1282.5253724320237,1575.7778263207306,1267.6805136612631,1590.6226850914911
12,Çaykur Rizespor vs Trabzonspor,Çaykur Rizespor,Trabzonspor,3.0,1.0,1413.2535620771514,1503.963077026601,1457.0505413514356,1460.1660977523168
12,Göztepe vs Konyaspor,Göztepe,Konyaspor,2.0,0.0,1532.2727753186136,1471.914424179957,1557.8622328313686,1446.324966667202
12,Galatasaray vs Samsunspor,Galatasaray,Samsunspor,3.0,2.0,1734.9776106835336,1665.6672297061837,1751.415140283787,1649.2297001059303
12,Fenerbahçe vs Sivasspor,Fenerbahçe,Sivasspor,4.0,0.0,1695.9734383526777,1519.7203219264659,1715.0253161716373,1500.6684441075063
12,Istanbul Basaksehir vs Besiktas,Istanbul Basaksehir,Besiktas,0.0,0.0,1507.2531590341005,1573.2431041842622,1503.2280939061413,1577.2681693122213
13,Eyüpspor vs Çaykur Rizespor,Eyüpspor,Çaykur Rizespor,1.0,2.0,1590.6226850914911,1457.0505413514356,1543.0284600871666,1504.64476635576
13,Kayserispor vs Fenerbahçe,Kayserispor,Fenerbahçe,2.0,6.0,1476.9347075112921,1715.0253161716373,1441.9343113063887,1750.0257123765407
13,Gaziantep vs Istanbul Basaksehir,Gaziantep,Istanbul Basaksehir,3.0,0.0,1459.6493348832648,1503.2280939061413,1503.6978449926794,1459.1795837967268
13,Bodrum vs Galatasaray,Bodrum,Galatasaray,0.0,1.0,1388.675759967465,1751.415140283787,1377.8411958704514,1762.2497043808005
13,Sivasspor vs Kasimpasa,Sivasspor,Kasimpasa,0.0,0.0,1500.6684441075063,1482.8356998913143,1487.1913162975015,1496.312827701319
13,Konyaspor vs Hatayspor,Konyaspor,Hatayspor,1.0,1.0,1446.324966667202,1373.0755597562788,1427.3063955782518,1392.094130845229
13,Samsunspor vs Alanyaspor,Samsunspor,Alanyaspor,1.0,1.0,1649.2297001059303,1408.543387557624,1618.1554856156245,1439.61760204793
13,Besiktas vs Göztepe,Besiktas,Göztepe,2.0,4.0,1577.2681693122213,1557.8622328313686,1517.384108038679,1617.746294104911
13,Trabzonspor vs Adana Demirspor,Trabzonspor,Adana Demirspor,5.0,0.0,1460.1660977523168,1267.6805136612631,1478.9591151830155,1248.8874962305645
14,Antalyaspor vs Sivasspor,Antalyaspor,Sivasspor,2.0,1.0,1433.7436491904593,1487.1913162975015,1459.7478809380011,1461.1870845499598
14,Samsunspor vs Bodrum,Samsunspor,Bodrum,4.0,0.0,1618.1554856156245,1377.8411958704514,1632.0576286147364,1363.9390528713395
14,Adana Demirspor vs Konyaspor,Adana Demirspor,Konyaspor,0.0,1.0,1248.8874962305645,1427.3063955782518,1225.5460395659406,1450.6478522428756
14,Alanyaspor vs Trabzonspor,Alanyaspor,Trabzonspor,2.0,1.0,1439.61760204793,1478.9591151830155,1464.432503492604,1454.1442137383415
14,Istanbul Basaksehir vs Göztepe,Istanbul Basaksehir,Göztepe,4.0,1.0,1459.1795837967268,1617.746294104911,1520.446550347218,1556.4793275544198
14,Çaykur Rizespor vs Kayserispor,Çaykur Rizespor,Kayserispor,3.0,0.0,1504.64476635576,1441.9343113063887,1534.21068943451,1412.368388227639
14,Galatasaray vs Eyüpspor,Galatasaray,Eyüpspor,2.0,2.0,1762.2497043808005,1543.0284600871666,1732.3300182287803,1572.9481462391868
14,Fenerbahçe vs Gaziantep,Fenerbahçe,Gaziantep,3.0,1.0,1750.0257123765407,1503.6978449926794,1760.8143764223214,1492.9091809468987
14,Hatayspor vs Besiktas,Hatayspor,Besiktas,1.0,1.0,1392.094130845229,1517.384108038679,1395.0914432491209,1514.3867956347872
15,Trabzonspor vs Kasimpasa,Trabzonspor,Kasimpasa,2.0,2.0,1454.1442137383415,1496.312827701319,1447.340781138798,1503.1162603008625
15,Konyaspor vs Antalyaspor,Konyaspor,Antalyaspor,1.0,1.0,1450.6478522428756,1459.7478809380011,1440.095253850478,1470.3004793303987
15,Göztepe vs Adana Demirspor,Göztepe,Adana Demirspor,3.0,1.0,1556.4793275544198,1225.5460395659406,1563.4296467128058,1218.5957204075546
15,Besiktas vs Fenerbahçe,Besiktas,Fenerbahçe,1.0,0.0,1514.3867956347872,1760.8143764223214,1556.331395898185,1718.8697761589235
15,Eyüpspor vs Samsunspor,Eyüpspor,Samsunspor,3.0,0.0,1572.9481462391868,1632.0576286147364,1619.2976683730406,1585.7081064808826
15,Sivasspor vs Galatasaray,Sivasspor,Galatasaray,2.0,3.0,1461.1870845499598,1732.3300182287803,1444.8751497334229,1748.6419530453172
15,Kayserispor vs Alanyaspor,Kayserispor,Alanyaspor,2.0,0.0,1412.368388227639,1464.432503492604,1451.1988108936412,1425.6020808266017
15,Istanbul Basaksehir vs Hatayspor,Istanbul Basaksehir,Hatayspor,3.0,0.0,1520.446550347218,1395.0914432491209,1542.9825419987249,1372.555451597614
15,Gaziantep vs Çaykur Rizespor,Gaziantep,Çaykur Rizespor,1.0,0.0,1492.9091809468987,1534.21068943451,1517.888424880074,1509.2314455013347
16,Kasimpasa vs Eyüpspor,Kasimpasa,Eyüpspor,2.0,0.0,1503.1162603008625,1619.2976683730406,1550.2105688812135,1572.2033597926895
16,Bodrum vs Sivasspor,Bodrum,Sivasspor,2.0,0.0,1363.9390528713395,1444.8751497334229,1406.472363326279,1402.3418392784833
16,Çaykur Rizespor vs Konyaspor,Çaykur Rizespor,Konyaspor,1.0,1.0,1509.2314455013347,1440.095253850478,1490.599506667009,1458.7271926848036
16,Alanyaspor vs Gaziantep,Alanyaspor,Gaziantep,3.0,0.0,1425.6020808266017,1517.888424880074,1476.9366837599102,1466.5538219467653
16,Hatayspor vs Göztepe,Hatayspor,Göztepe,1.0,1.0,1372.555451597614,1563.4296467128058,1383.1051898857177,1552.879908424702
16,Antalyaspor vs Kayserispor,Antalyaspor,Kayserispor,2.0,0.0,1470.3004793303987,1451.1988108936412,1500.451525797973,1421.0477644260668
16,Fenerbahçe vs Istanbul Basaksehir,Fenerbahçe,Istanbul Basaksehir,3.0,1.0,1718.8697761589235,1542.9825419987249,1734.1379620668602,1527.7143560907882
16,Adana Demirspor vs Besiktas,Adana Demirspor,Besiktas,2.0,1.0,1218.5957204075546,1556.331395898185,1266.4241429173414,1508.5029733883982
16,Galatasaray vs Trabzonspor,Galatasaray,Trabzonspor,4.0,3.0,1748.6419530453172,1447.340781138798,1754.0594709034197,1441.9232632806957
17,Eyüpspor vs Fenerbahçe,Eyüpspor,Fenerbahçe,1.0,1.0,1572.2033597926895,1734.1379620668602,1579.479759842937,1726.8615620166127
17,Sivasspor vs Samsunspor,Sivasspor,Samsunspor,0.0,0.0,1402.3418392784833,1585.7081064808826,1412.0539897026981,1575.9959560566679
17,Besiktas vs Alanyaspor,Besiktas,Alanyaspor,1.0,1.0,1508.5029733883982,1476.9366837599102,1493.5886634820554,1491.850993666253
17,Gaziantep vs Antalyaspor,Gaziantep,Antalyaspor,2.0,0.0,1466.5538219467653,1500.451525797973,1503.094055391434,1463.9112923533044
17,Kayserispor vs Galatasaray,Kayserispor,Galatasaray,1.0,5.0,1421.0477644260668,1754.0594709034197,1397.7273534209155,1777.379881908571
17,Göztepe vs Çaykur Rizespor,Göztepe,Çaykur Rizespor,3.0,0.0,1552.879908424702,1490.599506667009,1582.4984432076124,1460.9809718840988
17,Trabzonspor vs Bodrum,Trabzonspor,Bodrum,1.0,0.0,1441.9232632806957,1406.472363326279,1460.7861025368998,1387.609524070075
17,Hatayspor vs Adana Demirspor,Hatayspor,Adana Demirspor,1.0,3.0,1383.1051898857177,1266.4241429173414,1313.190042892655,1336.3392899104042
17,Istanbul Basaksehir vs Kasimpasa,Istanbul Basaksehir,Kasimpasa,2.0,2.0,1527.7143560907882,1550.2105688812135,1518.6622154531372,1559.2627095188645
18,Çaykur Rizespor vs Besiktas,Çaykur Rizespor,Besiktas,1.0,1.0,1460.9809718840988,1493.5886634820554,1453.078543234095,1501.4910921320593
18,Alanyaspor vs Konyaspor,Alanyaspor,Konyaspor,2.0,1.0,1491.850993666253,1458.7271926848036,1510.8875071595116,1439.690679191545
18,Adana Demirspor vs Istanbul Basaksehir,Adana Demirspor,Istanbul Basaksehir,0.0,1.0,1336.3392899104042,1518.6622154531372,1313.3175168146583,1541.683988548883
18,Antalyaspor vs Eyüpspor,Antalyaspor,Eyüpspor,1.0,4.0,1463.9112923533044,1579.479759842937,1413.7622257816183,1629.628826414623
18,Galatasaray vs Göztepe,Galatasaray,Göztepe,2.0,1.0,1777.379881908571,1582.4984432076124,1786.667609605074,1573.2107155111094
18,Samsunspor vs Trabzonspor,Samsunspor,Trabzonspor,2.0,1.0,1575.9959560566679,1460.7861025368998,1589.4741555662908,1447.3079030272768
18,Kasimpasa vs Gaziantep,Kasimpasa,Gaziantep,2.0,2.0,1559.2627095188645,1503.094055391434,1541.8766884489357,1520.4800764613628
18,Bodrum vs Kayserispor,Bodrum,Kayserispor,1.0,1.0,1387.609524070075,1397.7273534209155,1377.169942211143,1408.1669352798474
18,Fenerbahçe vs Hatayspor,Fenerbahçe,Hatayspor,2.0,1.0,1726.8615620166127,1313.190042892655,1729.8261593535449,1310.2254455557227
19,Kayserispor vs Samsunspor,Kayserispor,Samsunspor,0.0,1.0,1408.1669352798474,1589.4741555662908,1385.0621482134004,1612.5789426327378
19,Hatayspor vs Çaykur Rizespor,Hatayspor,Çaykur Rizespor,1.0,2.0,1310.2254455557227,1453.078543234095,1283.9070290073862,1479.3969597824314
19,Besiktas vs Bodrum,Besiktas,Bodrum,2.0,1.0,1501.4910921320593,1377.169942211143,1514.429100494977,1364.2319338482253
19,Sivasspor vs Alanyaspor,Sivasspor,Alanyaspor,1.0,1.0,1412.0539897026981,1510.8875071595116,1411.9154971990047,1511.025999663205
19,Trabzonspor vs Antalyaspor,Trabzonspor,Antalyaspor,5.0,0.0,1447.3079030272768,1413.7622257816183,1485.3178326855705,1375.7522961233246
19,Gaziantep vs Adana Demirspor,Gaziantep,Adana Demirspor,1.0,0.0,1520.4800764613628,1313.3175168146583,1529.2262810477084,1304.5713122283128
19,Istanbul Basaksehir vs Galatasaray,Istanbul Basaksehir,Galatasaray,1.0,2.0,1541.683988548883,1786.667609605074,1523.5234992860621,1804.8280988678948
19,Konyaspor vs Fenerbahçe,Konyaspor,Fenerbahçe,2.0,3.0,1439.690679191545,1729.8261593535449,1424.6444563925997,1744.8723821524902
19,Göztepe vs Kasimpasa,Göztepe,Kasimpasa,5.0,0.0,1573.2107155111094,1541.8766884489357,1611.552049158332,1503.535354801713
20,Hatayspor vs Galatasaray,Hatayspor,Galatasaray,1.0,1.0,1283.9070290073862,1804.8280988678948,1318.43869666782,1770.296431207461
20,Istanbul Basaksehir vs Çaykur Rizespor,Istanbul Basaksehir,Çaykur Rizespor,2.0,0.0,1523.5234992860621,1479.3969597824314,1550.858044258882,1452.0624148096115
20,Gaziantep vs Bodrum,Gaziantep,Bodrum,0.0,0.0,1529.2262810477084,1364.2319338482253,1502.716003565115,1390.7422113308187
20,Besiktas vs Samsunspor,Besiktas,Samsunspor,0.0,0.0,1514.429100494977,1612.5789426327378,1514.209438797677,1612.798604330038
20,Göztepe vs Antalyaspor,Göztepe,Antalyaspor,1.0,0.0,1611.552049158332,1375.7522961233246,1619.1370586547755,1368.1672866268812
20,Konyaspor vs Kasimpasa,Konyaspor,Kasimpasa,3.0,3.0,1424.6444563925997,1503.535354801713,1422.1413144358073,1506.0384967585055
20,Adana Demirspor vs Fenerbahçe,Adana Demirspor,Fenerbahçe,0.0,4.0,1304.5713122283128,1744.8723821524902,1290.668241992918,1758.775452387885
20,Eyüpspor vs Alanyaspor,Eyüpspor,Alanyaspor,3.0,0.0,1629.628826414623,1511.025999663205,1652.8603977328708,1487.7944283449574
20,Trabzonspor vs Sivasspor,Trabzonspor,Sivasspor,4.0,0.0,1485.3178326855705,1411.9154971990047,1515.6139254439402,1381.619404440635
21,Samsunspor vs Gaziantep,Samsunspor,Gaziantep,2.0,1.0,1612.798604330038,1502.716003565115,1626.5877533308571,1488.9268545642958
21,Sivasspor vs Kayserispor,Sivasspor,Kayserispor,5.0,2.0,1381.619404440635,1385.0621482134004,1419.8932979212666,1346.7882547327688
21,Alanyaspor vs Istanbul Basaksehir,Alanyaspor,Istanbul Basaksehir,5.0,4.0,1487.7944283449574,1550.858044258882,1514.6170459507407,1524.0354266530987
21,Galatasaray vs Konyaspor,Galatasaray,Konyaspor,1.0,0.0,1770.296431207461,1422.1413144358073,1774.5234670878037,1417.9142785554645
21,Çaykur Rizespor vs Adana Demirspor,Çaykur Rizespor,Adana Demirspor,3.0,2.0,1452.0624148096115,1290.668241992918,1462.965897824205,1279.7647589783244
21,Bodrum vs Eyüpspor,Bodrum,Eyüpspor,0.0,1.0,1390.7422113308187,1652.8603977328708,1373.8059858551921,1669.7966232084973
21,Antalyaspor vs Besiktas,Antalyaspor,Besiktas,1.0,1.0,1368.1672866268812,1514.209438797677,1373.6019586915957,1508.7747667329625
21,Fenerbahçe vs Göztepe,Fenerbahçe,Göztepe,3.0,2.0,1758.775452387885,1619.1370586547755,1770.8411053870645,1607.071405655596
21,Kasimpasa vs Hatayspor,Kasimpasa,Hatayspor,5.0,4.0,1506.0384967585055,1318.43869666782,1515.660051596178,1308.8171418301476
22,Eyüpspor vs Sivasspor,Eyüpspor,Sivasspor,1.0,0.0,1669.7966232084973,1419.8932979212666,1676.8597926144892,1412.8301285152747
22,Konyaspor vs Bodrum,Konyaspor,Bodrum,3.0,1.0,1417.9142785554645,1373.8059858551921,1445.250822694848,1346.4694417158087
22,Hatayspor vs Antalyaspor,Hatayspor,Antalyaspor,2.0,3.0,1308.8171418301476,1373.6019586915957,1275.7867886638007,1406.6323118579426
22,Kayserispor vs Trabzonspor,Kayserispor,Trabzonspor,0.0,0.0,1346.7882547327688,1515.6139254439402,1354.8544861939718,1507.5476939827372
22,Istanbul Basaksehir vs Samsunspor,Istanbul Basaksehir,Samsunspor,4.0,0.0,1524.0354266530987,1626.5877533308571,1580.6986422217863,1569.9245377621696
22,Adana Demirspor vs Kasimpasa,Adana Demirspor,Kasimpasa,3.0,5.0,1279.7647589783244,1515.660051596178,1251.5201019076892,1543.9047086668131
22,Göztepe vs Alanyaspor,Göztepe,Alanyaspor,0.0,1.0,1607.071405655596,1514.6170459507407,1561.9676504915808,1559.720801114756
22,Fenerbahçe vs Çaykur Rizespor,Fenerbahçe,Çaykur Rizespor,3.0,2.0,1770.8411053870645,1462.965897824205,1776.0749875173437,1457.7320156939259
22,Gaziantep vs Galatasaray,Gaziantep,Galatasaray,0.0,1.0,1488.9268545642958,1774.5234670878037,1473.5841772471788,1789.8661444049208
23,Samsunspor vs Hatayspor,Samsunspor,Hatayspor,2.0,0.0,1569.9245377621696,1275.7867886638007,1578.3608471052944,1267.350479320676
23,Kayserispor vs Konyaspor,Kayserispor,Konyaspor,3.0,2.0,1354.8544861939718,1445.250822694848,1384.0254503611043,1416.0798585277155
23,Sivasspor vs Besiktas,Sivasspor,Besiktas,0.0,2.0,1412.8301285152747,1508.7747667329625,1367.304900241004,1554.2999950072333
23,Kasimpasa vs Çaykur Rizespor,Kasimpasa,Çaykur Rizespor,3.0,2.0,1543.9047086668131,1457.7320156939259,1559.2095478824856,1442.4271764782534
23,Alanyaspor vs Fenerbahçe,Alanyaspor,Fenerbahçe,0.0,2.0,1559.720801114756,1776.0749875173437,1529.251823804214,1806.5439648278857
23,Antalyaspor vs Istanbul Basaksehir,Antalyaspor,Istanbul Basaksehir,0.0,0.0,1406.6323118579426,1580.6986422217863,1415.2951544592113,1572.0357996205175
23,Trabzonspor vs Eyüpspor,Trabzonspor,Eyüpspor,1.0,0.0,1507.5476939827372,1676.8597926144892,1543.454428567308,1640.9530580299183
23,Bodrum vs Göztepe,Bodrum,Göztepe,0.0,0.0,1346.4694417158087,1561.9676504915808,1359.698442774947,1548.7386494324426
24,Adana Demirspor vs Antalyaspor,Adana Demirspor,Antalyaspor,1.0,1.0,1251.5201019076892,1415.2951544592113,1259.008014340683,1407.8072420262174
24,Gaziantep vs Sivasspor,Gaziantep,Sivasspor,2.0,1.0,1473.5841772471788,1367.304900241004,1487.6072144498776,1353.2818630383051
24,Istanbul Basaksehir vs Bodrum,Istanbul Basaksehir,Bodrum,0.0,1.0,1572.0357996205175,1359.698442774947,1520.5617861094943,1411.1724562859702
24,Besiktas vs Trabzonspor,Besiktas,Trabzonspor,2.0,1.0,1554.2999950072333,1543.454428567308,1575.0408583101819,1522.7135652643594
24,Hatayspor vs Alanyaspor,Hatayspor,Alanyaspor,1.0,0.0,1267.350479320676,1529.251823804214,1310.3990765492042,1486.2032265756857
24,Eyüpspor vs Kayserispor,Eyüpspor,Kayserispor,1.0,1.0,1640.9530580299183,1384.0254503611043,1609.0737649701243,1415.9047434208983
24,Konyaspor vs Samsunspor,Konyaspor,Samsunspor,0.0,1.0,1416.0798585277155,1578.3608471052944,1391.4007594656791,1603.0399461673308
24,Fenerbahçe vs Kasimpasa,Fenerbahçe,Kasimpasa,3.0,1.0,1806.5439648278857,1559.2095478824856,1817.2777321203919,1548.4757805899794
24,Çaykur Rizespor vs Galatasaray,Çaykur Rizespor,Galatasaray,1.0,2.0,1442.4271764782534,1789.8661444049208,1430.788561306545,1801.504759576629
25,Eyüpspor vs Besiktas,Eyüpspor,Besiktas,1.0,3.0,1609.0737649701243,1575.0408583101819,1547.5266107735636,1636.5880125067426
25,Bodrum vs Hatayspor,Bodrum,Hatayspor,1.0,0.0,1411.1724562859702,1310.3990765492042,1425.5389400091651,1296.0325928260092
25,Sivasspor vs Konyaspor,Sivasspor,Konyaspor,1.0,1.0,1353.2818630383051,1391.4007594656791,1346.0116172563623,1398.671005247622
25,Antalyaspor vs Kasimpasa,Antalyaspor,Kasimpasa,2.0,1.0,1407.8072420262174,1548.4757805899794,1441.302895243501,1514.9801273726957
25,Samsunspor vs Çaykur Rizespor,Samsunspor,Çaykur Rizespor,2.0,3.0,1603.0399461673308,1430.788561306545,1553.3968589606468,1480.431648513229
25,Kayserispor vs Göztepe,Kayserispor,Göztepe,1.0,0.0,1415.9047434208983,1548.7386494324426,1448.731440763125,1515.911952090216
25,Alanyaspor vs Adana Demirspor,Alanyaspor,Adana Demirspor,3.0,2.0,1486.2032265756857,1259.008014340683,1494.1225580252496,1251.088682891119
25,Trabzonspor vs Gaziantep,Trabzonspor,Gaziantep,3.0,2.0,1522.7135652643594,1487.6072144498776,1541.6020645274843,1468.7187151867527
25,Galatasaray vs Fenerbahçe,Galatasaray,Fenerbahçe,0.0,0.0,1801.504759576629,1817.2777321203919,1791.6961352971216,1827.0863563998994
26,Adana Demirspor vs Bodrum,Adana Demirspor,Bodrum,0.0,0.0,1251.088682891119,1425.5389400091651,1259.7950875072456,1416.8325353930386
26,Besiktas vs Kayserispor,Besiktas,Kayserispor,2.0,0.0,1636.5880125067426,1448.731440763125,1651.0024422191452,1434.3170110507224
26,Çaykur Rizespor vs Alanyaspor,Çaykur Rizespor,Alanyaspor,3.0,1.0,1480.431648513229,1494.1225580252496,1514.4772740810677,1460.076932457411
26,Kasimpasa vs Galatasaray,Kasimpasa,Galatasaray,3.0,3.0,1514.9801273726957,1791.6961352971216,1534.3212924307716,1772.3549702390458
26,Fenerbahçe vs Antalyaspor,Fenerbahçe,Antalyaspor,3.0,0.0,1827.0863563998994,1441.302895243501,1833.1258857903438,1435.2633658530567
26,Konyaspor vs Trabzonspor,Konyaspor,Trabzonspor,1.0,0.0,1398.671005247622,1541.6020645274843,1432.3592188818848,1507.9138508932215
26,Gaziantep vs Eyüpspor,Gaziantep,Eyüpspor,3.0,1.0,1468.7187151867527,1547.5266107735636,1510.9773040531725,1505.2680219071437
26,Istanbul Basaksehir vs Sivasspor,Istanbul Basaksehir,Sivasspor,1.0,0.0,1520.5617861094943,1346.0116172563623,1530.8057952485108,1335.7676081173458
26,Göztepe vs Samsunspor,Göztepe,Samsunspor,2.0,2.0,1515.911952090216,1553.3968589606468,1508.5687963340886,1560.740014716774
27,Bodrum vs Kasimpasa,Bodrum,Kasimpasa,1.0,0.0,1416.8325353930386,1534.3212924307716,1448.3413619341484,1502.8124658896618
27,Kayserispor vs Istanbul Basaksehir,Kayserispor,Istanbul Basaksehir,3.0,1.0,1434.3170110507224,1530.8057952485108,1478.8622524170835,1486.2605538821497
27,Antalyaspor vs Çaykur Rizespor,Antalyaspor,Çaykur Rizespor,2.0,1.0,1435.2633658530567,1514.4772740810677,1463.4706887413274,1486.269951192797
27,Trabzonspor vs Hatayspor,Trabzonspor,Hatayspor,1.0,2.0,1507.9138508932215,1296.0325928260092,1456.4590596252842,1347.4873840939465
27,Sivasspor vs Göztepe,Sivasspor,Göztepe,3.0,1.0,1335.7676081173458,1508.5687963340886,1390.061227826825,1454.2751766246095
27,Samsunspor vs Adana Demirspor,Samsunspor,Adana Demirspor,3.0,2.0,1560.740014716774,1259.7950875072456,1566.16764770281,1254.3674545212098
27,Eyüpspor vs Konyaspor,Eyüpspor,Konyaspor,2.0,1.0,1505.2680219071437,1432.3592188818848,1521.459502620196,1416.1677381688326
27,Alanyaspor vs Galatasaray,Alanyaspor,Galatasaray,1.0,2.0,1460.076932457411,1772.3549702390458,1446.421541748134,1786.0103609483228
27,Besiktas vs Gaziantep,Besiktas,Gaziantep,1.0,2.0,1651.0024422191452,1510.9773040531725,1603.0466496736549,1558.9330965986628
28,Galatasaray vs Antalyaspor,Galatasaray,Antalyaspor,4.0,0.0,1786.0103609483228,1463.4706887413274,1795.093619357269,1454.3874303323812
28,Gaziantep vs Kayserispor,Gaziantep,Kayserispor,1.0,0.0,1558.9330965986628,1478.8622524170835,1574.6418252031935,1463.1535238125527
28,Kasimpasa vs Alanyaspor,Kasimpasa,Alanyaspor,2.0,1.0,1502.8124658896618,1446.421541748134,1520.1523082692568,1429.081699368539
28,Istanbul Basaksehir vs Trabzonspor,Istanbul Basaksehir,Trabzonspor,0.0,3.0,1486.2605538821497,1456.4590596252842,1415.0109417827694,1527.7086717246643
28,Konyaspor vs Besiktas,Konyaspor,Besiktas,1.0,0.0,1416.1677381688326,1603.0466496736549,1453.516922593744,1565.6974652487434
28,Çaykur Rizespor vs Bodrum,Çaykur Rizespor,Bodrum,0.0,2.0,1486.269951192797,1448.3413619341484,1424.288261385909,1510.3230517410364
28,Hatayspor vs Sivasspor,Hatayspor,Sivasspor,3.0,2.0,1347.4873840939465,1390.061227826825,1372.5734781733906,1364.9751337473808
28,Göztepe vs Eyüpspor,Göztepe,Eyüpspor,1.0,1.0,1454.2751766246095,1521.459502620196,1450.3906132043155,1525.34406604049
28,Fenerbahçe vs Samsunspor,Fenerbahçe,Samsunspor,0.0,0.0,1833.1258857903438,1566.16764770281,1800.7775717818886,1598.5159617112652
29,Kayserispor vs Hatayspor,Kayserispor,Hatayspor,5.0,0.0,1463.1535238125527,1372.5734781733906,1493.1883078078617,1342.5386941780816
29,Antalyaspor vs Alanyaspor,Antalyaspor,Alanyaspor,2.0,1.0,1454.3874303323812,1429.081699368539,1474.0136023477933,1409.4555273531269
29,Bodrum vs Fenerbahçe,Bodrum,Fenerbahçe,2.0,4.0,1510.3230517410364,1800.7775717818886,1487.784758527549,1823.315864995376
29,Konyaspor vs Gaziantep,Konyaspor,Gaziantep,1.0,0.0,1453.516922593744,1574.6418252031935,1485.338748813213,1542.8199989837246
29,Sivasspor vs Adana Demirspor,Sivasspor,Adana Demirspor,5.0,1.0,1364.9751337473808,1254.3674545212098,1390.7696490823137,1228.572939186277
29,Samsunspor vs Kasimpasa,Samsunspor,Kasimpasa,0.0,2.0,1598.5159617112652,1520.1523082692568,1532.2503916362157,1586.4178783443062
29,Trabzonspor vs Göztepe,Trabzonspor,Göztepe,1.0,1.0,1527.7086717246643,1450.3906132043155,1508.311786786171,1469.7874981428088
29,Besiktas vs Galatasaray,Besiktas,Galatasaray,2.0,1.0,1565.6974652487434,1795.093619357269,1606.3809807952182,1754.4101038107942
29,Eyüpspor vs Istanbul Basaksehir,Eyüpspor,Istanbul Basaksehir,1.0,3.0,1525.34406604049,1415.0109417827694,1456.0048250765178,1484.3501827467414
30,Adana Demirspor vs Kayserispor,Adana Demirspor,Kayserispor,0.0,2.0,1228.572939186277,1493.1883078078617,1203.429883309574,1518.3313636845646
30,Çaykur Rizespor vs Sivasspor,Çaykur Rizespor,Sivasspor,1.0,1.0,1424.288261385909,1390.7696490823137,1409.1728698200684,1405.8850406481542
30,Istanbul Basaksehir vs Konyaspor,Istanbul Basaksehir,Konyaspor,1.0,0.0,1484.3501827467414,1485.338748813213,1506.0250065368807,1463.6639250230737
30,Antalyaspor vs Samsunspor,Antalyaspor,Samsunspor,2.0,1.0,1474.0136023477933,1532.2503916362157,1500.4247454154672,1505.8392485685417
30,Alanyaspor vs Bodrum,Alanyaspor,Bodrum,0.0,1.0,1409.4555273531269,1487.784758527549,1377.5867455963355,1519.6535402843404
30,Hatayspor vs Eyüpspor,Hatayspor,Eyüpspor,0.0,1.0,1342.5386941780816,1456.0048250765178,1313.7008714929743,1484.8426477616251
30,Fenerbahçe vs Trabzonspor,Fenerbahçe,Trabzonspor,4.0,1.0,1823.315864995376,1508.311786786171,1832.137836951589,1499.489814829958
30,Kasimpasa vs Besiktas,Kasimpasa,Besiktas,1.0,3.0,1586.4178783443062,1606.3809807952182,1531.231030336682,1661.5678288028425
30,Göztepe vs Gaziantep,Göztepe,Gaziantep,0.0,2.0,1469.7874981428088,1542.8199989837246,1421.3016540901813,1591.3058430363521
29,Konyaspor vs Iskenderun,Konyaspor,Iskenderun,3.0,0.0,1463.6639250230737,1500.0,1506.6500944349295,1457.0138305881442
29,Trabzonspor vs Bodrum,Trabzonspor,Bodrum,3.0,2.0,1499.489814829958,1519.6535402843404,1522.7150204214834,1496.428334692815
29,Fenerbahçe vs Galatasaray,Fenerbahçe,Galatasaray,1.0,2.0,1832.137836951589,1754.4101038107942,1788.0034743894457,1798.5444663729374
29,Besiktas vs Göztepe,Besiktas,Göztepe,1.0,3.0,1661.5678288028425,1421.3016540901813,1582.6922432312738,1500.17723966175
